{"cameraMode":{"drawMode":0,"name":"Shaded","section":"Shading Mode"},"sceneLighting":true,"audioPlay":false,"sceneViewState":{"m_AlwaysRefresh":false,"showFog":true,"showSkybox":true,"showFlares":true,"showImageEffects":true,"showParticleSystems":true,"showVisualEffectGraphs":true,"m_FxEnabled":true},"in2DMode":false,"pivot":{"x":2.1973767280578615,"y":-0.19162021577358247,"z":0.7203726172447205},"rotation":{"x":-0.07106181979179383,"y":-0.6701249480247498,"z":0.06478699296712876,"w":-0.7360025644302368},"size":1.7276453971862794,"orthographic":false}