{"cameraMode":{"drawMode":0,"name":"Shaded","section":"Shading Mode"},"sceneLighting":true,"audioPlay":false,"sceneViewState":{"m_AlwaysRefresh":false,"showFog":true,"showSkybox":true,"showFlares":true,"showImageEffects":true,"showParticleSystems":true,"showVisualEffectGraphs":true,"m_FxEnabled":true},"in2DMode":false,"pivot":{"x":941.1834716796875,"y":483.4419860839844,"z":-7.739065647125244},"rotation":{"x":-0.07818014174699784,"y":0.034983303397893909,"z":-0.002730470383539796,"w":-0.9962989687919617},"size":70.71067810058594,"orthographic":false}