{"cameraMode":{"drawMode":0,"name":"Shaded","section":"Shading Mode"},"sceneLighting":true,"audioPlay":false,"sceneViewState":{"m_AlwaysRefresh":false,"showFog":true,"showSkybox":true,"showFlares":true,"showImageEffects":true,"showParticleSystems":true,"showVisualEffectGraphs":true,"m_FxEnabled":true},"in2DMode":false,"pivot":{"x":26.604923248291017,"y":-19.49880027770996,"z":28.318078994750978},"rotation":{"x":0.21332518756389619,"y":0.3047165870666504,"z":-0.07026205956935883,"w":0.9257283210754395},"size":33.22509002685547,"orthographic":false}